Date,Temp_Max,Temp_Avg,Temp_Min,Dew_Point_Max,Dew_Point_Avg,Dew_Point_Min,Humidity_Max,Humidity_Avg,Humidity_Min,Wind_Speed_Max,Wind_Speed_Avg,Wind_Speed_Min,Pressure_Max,Pressure_Avg,Pressure_Min,Precipitation
2/1/2021,43,34.1,24,29,25.4,21,91,72.2,49,8,2.9,0,25.7,25.6,25.6,0
2/2/2021,58,48.2,34,37,30.5,24,73,51.6,39,15,6.9,0,25.6,25.5,25.4,0
2/3/2021,50,40.5,31,37,29.7,18,82,65.6,54,22,14,5,25.5,25.4,25.3,0
2/4/2021,36,31.5,25,25,20.5,15,82,65.1,43,14,5.5,0,25.7,25.6,25.5,0
2/5/2021,38,33.4,28,31,26.5,17,92,78.1,44,9,4.7,0,25.6,25.5,25.4,0
2/6/2021,48,36.5,25,31,24.1,18,92,64.5,36,9,4.9,0,25.6,25.5,25.3,0.01
2/7/2021,53,39.5,25,26,20,11,81,50.5,19,15,5.5,0,25.4,25.3,25.3,0
2/8/2021,55,44.3,36,26,16.4,1,62,36,12,14,5.8,0,25.4,25.3,25.3,0
2/9/2021,43,38.5,36,36,30.1,21,93,73.1,42,15,4.7,0,25.5,25.4,25.4,0
2/10/2021,52,41,36,36,32,26,97,73.7,38,7,2.3,0,25.5,25.4,25.4,0
2/11/2021,53,43,32,29,27.3,25,85,56.2,35,10,3.3,0,25.5,25.4,25.3,0
2/12/2021,46,42,39,39,35.8,32,93,79,63,15,6.8,0,25.3,25.3,25.2,0.14
2/13/2021,39,35.4,31,36,33.1,26,100,91.3,82,29,7.7,0,25.3,25.1,25,0.12
2/14/2021,34,29.6,26,26,21.5,16,86,72.4,56,29,10.3,3,25.4,25.3,25.2,0.45
2/15/2021,34,30.8,26,31,27,21,93,86,74,13,4.1,0,25.4,25.3,25.2,0
2/16/2021,39,33.1,30,34,30,26,100,89.3,79,18,7.4,0,25.4,25.3,25.2,0.01
2/17/2021,34,28.9,23,27,25.6,19,93,86.3,64,25,12,0,25.6,25.4,25.4,0.15
2/18/2021,34,26.4,19,30,19.7,16,93,77.6,50,10,4.2,0,25.8,25.7,25.6,0
2/19/2021,46,36.5,29,31,22.9,18,79,59,39,10,5.2,0,25.7,25.6,25.4,0.01
2/20/2021,43,36.7,31,33,26.3,21,89,67.4,43,20,11.1,0,25.6,25.5,25.4,0
2/21/2021,39,32.4,28,27,21.2,15,93,65.5,39,22,8.5,0,25.9,25.8,25.7,0
2/22/2021,32,29.1,26,23,20.8,19,75,71.4,59,8,3.8,0,25.9,25.9,25.9,0
2/23/2021,47,39.7,28,27,21,14,69,48.9,29,22,10.6,0,25.6,25.6,25.6,0
2/24/2021,39,30.8,22,27,19.4,12,86,64.3,35,26,10.8,0,25.7,25.6,25.5,0
2/25/2021,35,29.1,20,18,12.5,4,75,52,28,15,5.4,0,25.8,25.7,25.5,0
2/26/2021,44,34.3,25,25,16.6,11,82,51,26,21,7.5,0,25.5,25.4,25.2,0
2/27/2021,33,28,24,22,17.1,13,88,65,45,20,8.5,0,25.6,25.4,25.3,0
2/28/2021,35,25.7,21,22,17.9,12,89,74.1,39,10,6,0,25.8,25.7,25.6,0
,,,,,,,,,,,,,,,,
1/1/2021,33,29.3,22,27,23.8,16,89,79.9,66,14,5,0,25.7,25.6,25.6,0
1/2/2021,34,26,19,22,18.8,15,92,75.5,56,7,3.7,0,25.7,25.6,25.6,0
1/3/2021,34,24.4,18,28,21.6,14,93,89.4,78,8,2.1,0,25.7,25.6,25.6,0
1/4/2021,46,23.4,17,33,20.1,14,96,87.5,58,18,3,0,25.7,25.6,25.4,0.01
1/5/2021,42,35.2,24,32,25.4,18,92,69.4,41,20,9.8,0,25.8,25.6,25.4,0
1/6/2021,34,26.2,18,23,18.6,13,85,73.6,56,7,3.5,0,25.8,25.7,25.6,0.01
1/7/2021,41,28.2,18,25,20.5,15,92,74.7,45,7,3.3,0,25.7,25.7,25.6,0
1/8/2021,37,28.4,20,24,21.4,17,92,75.8,54,7,3.3,0,25.7,25.6,25.5,0
1/9/2021,36,29.6,22,31,23.5,20,92,78.8,59,12,5.6,0,25.7,25.6,25.5,0
1/10/2021,35,28.3,21,23,20.9,17,85,74.3,50,12,5.1,0,25.8,25.8,25.7,0
1/11/2021,31,21.5,14,21,15.9,8,88,79.5,61,8,4.6,0,25.9,25.8,25.8,0
1/12/2021,34,24,14,21,16.9,11,92,75.8,50,6,2.1,0,25.8,25.8,25.7,0
1/13/2021,43,34.2,27,29,23.1,18,85,66.1,37,24,6.7,0,25.8,25.7,25.6,0
1/14/2021,42,32.8,23,20,13.5,9,72,47.2,28,15,5.7,0,25.9,25.9,25.8,0
1/15/2021,40,27.6,17,23,15.6,11,81,63.1,33,7,2.7,0,25.9,25.8,25.7,0
1/16/2021,43,33.4,23,27,24,21,92,69.5,53,7,2.9,0,25.8,25.8,25.7,0
1/17/2021,41,29.9,19,29,22.7,16,92,76.3,53,7,2.3,0,25.8,25.7,25.6,0
1/18/2021,39,31.6,24,28,25,21,92,77.2,60,14,6.4,0,25.6,25.6,25.5,0
1/19/2021,43,33.4,25,21,14.1,7,75,48,24,14,9.4,0,25.7,25.7,25.6,0
1/20/2021,41,27.8,17,22,18.5,13,89,70.4,46,7,2.5,0,25.7,25.6,25.6,0
1/21/2021,45,31.4,20,27,23.3,18,92,73.8,49,8,2.8,0,25.6,25.5,25.4,0
1/22/2021,48,37.4,26,36,30.3,23,93,77.1,44,21,6.8,0,25.4,25.3,25.2,0
1/23/2021,38,35.4,32,36,31,25,96,84.9,60,15,7.8,0,25.3,25.2,25.1,0.33
1/24/2021,34,30.5,26,28,25.5,20,93,82.2,66,15,5.9,0,25.3,25.3,25.2,0.1
1/25/2021,38,30.8,24,27,23.8,19,92,76.6,47,15,7.1,0,25.2,25.1,25,0
1/26/2021,34,30.9,28,28,25,19,93,79.1,61,17,8,0,25.4,25.2,25,0
1/27/2021,36,31.6,24,27,20.2,16,78,63.4,50,23,16.1,9,25.6,25.5,25.5,0
1/28/2021,53,42.1,36,27,22.8,20,60,47.5,31,26,20.5,6,25.5,25.4,25.3,0
1/29/2021,51,39.6,32,36,27.2,19,93,65.9,31,25,12.6,0,25.3,25.3,25.2,0
1/30/2021,41,33.9,27,33,28.1,23,96,81.2,51,10,3.5,0,25.7,25.5,25.3,0.03
1/31/2021,42,30.8,23,26,22.2,18,92,71.7,45,9,3.5,0,25.8,25.8,25.7,0.1
,,,,,,,,,,,,,,,,
12/1/2020,40,33.6,26,25,21.5,18,78,62.4,43,18,11,0,25.8,25.7,25.6,0
12/2/2020,38,26.8,18,21,15,8,85,63.7,33,10,6,0,25.9,25.8,25.8,0
12/3/2020,33,23.8,15,20,11.7,6,75,60.8,43,6,3.1,0,25.9,25.9,25.8,0
12/4/2020,34,24,14,19,12.6,6,81,63.1,40,8,3.2,0,25.9,25.8,25.8,0
12/5/2020,36,24.4,16,20,13.8,8,78,65.3,39,6,2,0,25.9,25.8,25.8,0
12/6/2020,39,25.4,14,24,17.5,10,88,73.3,41,7,1.9,0,25.8,25.8,25.7,0
12/7/2020,41,25.9,14,22,17.7,11,92,73.7,40,6,1.9,0,25.9,25.9,25.8,0
12/8/2020,38,23.5,13,21,15.9,9,92,74.5,41,6,1.6,0,25.9,25.9,25.8,0
12/9/2020,39,24.3,13,24,15.6,10,92,72.6,34,7,2,0,25.8,25.6,25.5,0
12/10/2020,36,26.7,20,24,19.8,14,92,76.6,52,7,1.8,0,25.5,25.4,25.4,0
12/11/2020,34,25.6,16,27,20.9,13,96,82.9,61,7,2.7,0,25.5,25.4,25.4,0
12/12/2020,33,26.3,17,27,21.3,10,93,82.3,59,25,9.8,0,25.7,25.4,25.3,0
12/13/2020,33,22.3,10,26,13.3,4,84,69.5,43,12,5.3,0,25.8,25.7,25.5,0.02
12/14/2020,32,29.2,27,27,24.5,14,93,82.2,48,20,10.2,0,25.6,25.5,25.4,0
12/15/2020,35,28.4,25,27,23.1,21,93,80.6,67,16,5.8,0,25.8,25.7,25.6,0.01
12/16/2020,36,29,22,24,21.5,19,92,74.3,54,7,2.1,0,25.7,25.7,25.6,0
12/17/2020,37,31.8,0,31,28.1,0,96,85.7,0,18,6,0,25.5,25.4,25.3,0
12/18/2020,35,31.7,23,30,27.4,21,93,84.6,72,22,6,0,25.8,25.6,25.4,0.02
12/19/2020,33,24.9,18,26,20.6,15,96,84.5,64,12,4,0,25.8,25.8,25.8,0.01
12/20/2020,36,29,18,29,23.5,15,92,80.4,59,8,2.5,0,25.8,25.8,25.7,0.1
12/21/2020,45,34,28,29,27.3,25,92,77,53,6,1.9,0,25.7,25.6,25.5,0.02
12/22/2020,45,33.4,28,30,22.3,9,89,65.4,37,31,12.9,0,25.6,25.4,25.3,0
12/23/2020,32,26.4,18,22,16.9,11,88,68.3,48,17,10.5,3,25.9,25.8,25.6,0
12/24/2020,30,21.3,13,18,13.2,7,88,71.7,56,9,4.2,0,26,25.9,25.8,0
12/25/2020,36,23.8,14,20,16,11,88,73.9,44,8,3.3,0,25.8,25.7,25.6,0
12/26/2020,39,30.8,21,24,20,14,85,65.8,43,24,6.2,0,25.6,25.5,25.4,0
12/27/2020,37,29.7,21,31,24.1,18,92,80.5,57,10,2.5,0,25.6,25.6,25.5,0
12/28/2020,36,31.2,26,30,26.4,21,96,83.3,64,13,8.6,3,25.5,25.3,25.3,0
12/29/2020,33,24.3,15,25,18,12,88,77.2,61,14,4.4,0,25.7,25.5,25.3,0
12/30/2020,26,19.4,9,20,14.2,4,92,80.4,69,7,2.9,0,25.8,25.7,25.6,0
12/31/2020,32,28.6,21,28,23.7,16,88,81.8,66,14,5.9,0,25.6,25.5,25.5,0
,,,,,,,,,,,,,,,,
11/1/2020,59,43.2,32,36,27.2,22,79,56,28,7,3.3,0,25.9,25.8,25.8,0
11/2/2020,62,45.3,31,34,27.2,22,79,53,21,7,2,0,25.8,25.8,25.7,0
11/3/2020,68,52.4,40,39,31.8,27,66,48.1,24,12,4.8,0,25.7,25.6,25.6,0
11/4/2020,70,52.3,40,40,36.2,33,79,57.2,27,9,3.4,0,25.8,25.7,25.6,0
11/5/2020,66,49.1,35,40,33.9,30,85,59.1,27,7,2.8,0,25.8,25.7,25.5,0
11/6/2020,74,62.1,44,32,29.1,26,63,30.6,18,24,15.3,0,25.5,25.2,25.1,0
11/7/2020,65,56.1,39,39,34.6,28,87,48.2,25,26,18.1,12,25.1,25,24.9,0
11/8/2020,35,33.6,32,28,23.2,17,85,66.4,52,22,14.1,3,25.6,25.5,25.3,0
11/9/2020,38,32.9,30,24,21.5,18,79,63.4,50,12,4.9,0,25.6,25.5,25.5,0
11/10/2020,42,34.7,29,29,23.4,17,78,64.3,37,17,8.8,0,25.6,25.5,25.4,0
11/11/2020,41,32.5,23,25,18.9,10,81,59.6,28,15,5.2,0,25.7,25.6,25.6,0
11/12/2020,54,40.7,22,32,21.7,15,77,50.2,23,21,7.6,0,25.6,25.4,25.3,0
11/13/2020,43,37.2,31,37,24.2,15,93,61.5,36,24,12.6,0,25.7,25.5,25.3,0.05
11/14/2020,45,38.3,33,31,25.1,20,73,59.3,49,6,2.3,0,25.7,25.7,25.6,0
11/15/2020,55,40.5,28,34,29.4,25,89,66.8,42,6,2.5,0,25.8,25.7,25.7,0
11/16/2020,66,51.6,31,30,26.8,24,82,43.5,21,22,10.6,0,25.7,25.5,25.4,0
11/17/2020,63,56.5,41,36,31.6,26,71,40.1,28,23,12.2,0,25.4,25.4,25.3,0
11/18/2020,53,45,36,36,30.1,25,71,56.9,38,15,8.1,0,25.7,25.6,25.4,0
11/19/2020,46,37.9,29,30,27.5,23,88,67.5,40,14,6.5,0,25.8,25.8,25.7,0
11/20/2020,44,33.6,25,28,24.8,21,88,71.4,49,16,5.2,0,25.8,25.8,25.8,0
11/21/2020,40,30,22,27,22.2,17,89,73.6,49,7,3.5,0,25.8,25.6,25.4,0
11/22/2020,42,32.7,21,33,26.5,17,92,79.2,55,20,7.2,0,25.4,25.4,25.3,0
11/23/2020,41,34.4,28,29,25,21,82,69.6,49,17,8.6,0,25.6,25.6,25.4,0
11/24/2020,47,34.8,23,30,22,16,84,62.6,29,22,8.5,0,25.6,25.5,25.4,0
11/25/2020,38,33.6,25,28,21.7,18,79,62.5,47,23,13.7,0,25.7,25.6,25.5,0
11/26/2020,35,26.2,18,23,17.8,12,85,71.5,50,8,4.5,0,25.8,25.8,25.7,0
11/27/2020,37,26.6,19,24,18.5,13,89,72.9,48,8,3.2,0,25.8,25.8,25.7,0
11/28/2020,38,26.8,19,24,19.4,15,89,75.2,53,9,3.8,0,25.8,25.8,25.8,0
11/29/2020,45,28.8,14,27,19.7,11,92,71,38,20,3.9,0,25.8,25.7,25.5,0
,,,,,,,,,,,,,,,,
10/1/2020,75,57.8,41,42,35.2,29,71,45.8,21,7,3.1,0,25.8,25.7,25.7,0
10/2/2020,73,57.3,42,41,33.8,24,70,44.3,20,6,2.7,0,25.7,25.6,25.6,0
10/3/2020,74,58.5,43,47,35.5,28,69,44.9,21,12,3.6,0,25.7,25.6,25.6,0
10/4/2020,78,58.8,42,42,36.7,33,79,47.3,19,12,4.2,0,25.7,25.6,25.6,0
10/5/2020,75,58.8,43,42,33.1,25,66,41,20,8,3.6,0,25.7,25.6,25.6,0
10/6/2020,74,56.3,41,40,33.1,25,70,45,18,6,3.5,0,25.7,25.7,25.6,0
10/7/2020,73,57.1,41,43,33.2,22,70,43.7,24,7,2.8,0,25.6,25.6,25.5,0
10/8/2020,84,63.2,42,38,29.5,17,62,33.3,8,9,3.8,0,25.5,25.5,25.4,0
10/9/2020,82,66.1,53,46,35,29,55,34.5,15,9,3.5,0,25.5,25.4,25.4,0
10/10/2020,78,64.5,48,45,35.9,31,61,36.5,20,17,6.8,0,25.4,25.4,25.3,0
10/11/2020,67,54.2,43,44,33.9,25,79,48.8,28,31,13.7,0,25.7,25.5,25.3,0
10/12/2020,73,52.5,35,37,28,23,72,44.3,15,10,3.8,0,25.7,25.6,25.6,0
10/13/2020,77,57.3,42,38,29.8,23,60,39,13,8,4,0,25.7,25.6,25.5,0
10/14/2020,66,57,46,48,36.4,28,59,46.5,38,23,13.3,0,25.7,25.6,25.5,0
10/15/2020,58,49.9,39,28,25.6,22,65,39.9,28,20,10,0,25.8,25.8,25.7,0
10/16/2020,61,45.5,31,39,26,21,76,49.6,22,8,3.3,0,25.8,25.7,25.6,0
10/17/2020,72,53.1,37,39,31.3,26,70,46.9,21,9,3.6,0,25.6,25.5,25.5,0
10/18/2020,71,53.7,40,40,33.8,27,79,51.3,21,9,4.2,0,25.6,25.5,25.5,0
10/19/2020,71,53.6,39,43,35.4,30,73,53.4,23,10,4.7,0,25.6,25.5,25.5,0
10/20/2020,71,53.4,40,44,35.1,29,73,53.2,21,10,4,0,25.6,25.5,25.4,0
10/21/2020,76,55.7,38,44,34.7,28,79,50.1,17,8,3.3,0,25.4,25.4,25.3,0
10/22/2020,55,48.8,41,41,27.8,16,66,45.6,31,23,18.6,5,25.6,25.5,25.3,0
10/23/2020,49,37.9,27,28,21.4,18,78,53.5,29,14,3.7,0,25.7,25.6,25.5,0
10/24/2020,69,48.2,28,35,27.5,21,78,49.7,19,26,7.1,0,25.5,25.4,25.2,0
10/25/2020,48,34.6,23,35,24.4,6,92,68.1,48,26,17.5,9,25.5,25.4,25.3,0
10/26/2020,34,24.8,16,15,6.5,2,65,47.4,27,10,5.8,0,25.7,25.6,25.6,0
10/27/2020,41,30.1,19,19,13,10,68,51.4,29,10,4.3,0,25.7,25.7,25.6,0
10/28/2020,49,35.3,23,27,20.1,16,75,56,32,9,3.8,0,25.7,25.7,25.6,0
10/29/2020,55,39.3,26,32,26,21,82,61.4,31,6,3,0,25.8,25.7,25.7,0
10/30/2020,66,43.1,29,38,28.1,23,85,59.3,20,6,1.9,0,25.7,25.6,25.5,0
10/31/2020,63,45.1,30,31,25.8,21,75,50.2,25,7,2.9,0,25.8,25.7,25.5,0
,,,,,,,,,,,,,,,,
9/1/2020,73,61,47,43,40.3,37,74,48.4,30,15,5.7,0,25.6,25.6,25.5,0
9/2/2020,84,65.7,49,51,43.5,39,72,48.2,24,8,4.5,0,25.7,25.6,25.6,0
9/3/2020,88,69.4,53,53,41.5,33,62,39.9,16,10,4.9,0,25.7,25.6,25.6,0
9/4/2020,88,71.1,53,54,43,36,62,39.1,20,9,4.6,0,25.7,25.6,25.6,0
9/5/2020,94,73.7,55,55,44.7,35,59,37.5,14,10,3.7,0,25.7,25.7,25.6,0
9/6/2020,93,74.6,60,52,42.3,32,60,34.8,13,13,4.5,0,25.7,25.6,25.6,0
9/7/2020,90,73.3,55,54,40.9,26,56,35.3,10,35,10.3,0,25.6,25.4,25.1,0
9/8/2020,62,49.3,44,42,31.9,20,85,53.9,27,32,16.2,0,25.6,25.4,25.3,0
9/9/2020,60,51.3,42,33,26.5,21,60,39.1,26,14,8.3,0,25.6,25.6,25.6,0
9/10/2020,69,58.1,47,36,32,29,54,38.4,23,14,6.4,0,25.7,25.6,25.6,0
9/11/2020,78,61.1,44,45,35.6,26,71,43.6,15,12,4.5,0,25.7,25.6,25.5,0
9/12/2020,80,63,47,47,36.8,32,68,41,18,9,4,0,25.6,25.6,25.5,0
9/13/2020,87,65.9,48,51,39.8,26,74,43.5,11,7,3.3,0,25.7,25.6,25.6,0
9/14/2020,89,69.4,51,48,36.3,20,61,34.8,8,8,4,0,25.7,25.6,25.6,0
9/15/2020,84,68.4,50,47,37.8,32,63,35,16,10,4.3,0,25.7,25.6,25.6,0
9/16/2020,84,66.8,49,51,40,32,61,39.8,20,10,4.8,0,25.7,25.6,25.6,0
9/17/2020,90,69.6,52,59,39.4,24,60,37.5,9,8,3.8,0,25.6,25.6,25.5,0
9/18/2020,85,69.5,51,52,38.5,30,61,35.3,14,10,4.6,0,25.6,25.5,25.4,0
9/19/2020,72,64.7,54,53,46.3,33,77,54.5,24,24,9.4,0,25.6,25.5,25.4,0
9/20/2020,74,59.7,45,51,42.9,38,80,56,34,10,4.9,0,25.6,25.6,25.5,0.01
9/21/2020,87,66.5,50,53,41,33,69,44.1,15,10,3.6,0,25.6,25.5,25.5,0
9/22/2020,84,72.3,61,55,45.6,39,66,39.7,24,31,10.5,0,25.6,25.6,25.5,0
9/23/2020,84,67.7,51,56,45,31,83,47.6,15,7,3.2,0,25.7,25.6,25.6,0
9/24/2020,89,68.2,50,49,40.5,30,69,41,12,12,3.9,0,25.6,25.5,25.4,0
9/25/2020,86,68.2,52,50,43.6,34,74,44.3,16,17,5.6,0,25.5,25.4,25.4,0
9/26/2020,76,63.5,48,49,43.6,38,71,49.7,31,23,11.1,0,25.5,25.5,25.4,0
9/27/2020,65,58.7,50,44,36.1,31,63,44.7,28,21,14.3,3,25.7,25.7,25.6,0
9/28/2020,67,54.5,41,38,31,21,68,43.9,19,15,6.3,0,25.8,25.8,25.7,0
9/29/2020,71,55.7,40,38,31.5,25,70,42.9,19,12,5.1,0,25.8,25.7,25.7,0
9/30/2020,75,57.6,41,50,33.9,27,76,45.5,18,7,3.3,0,25.8,25.7,25.7,0
,,,,,,,,,,,,,,,,
8/1/2020,102,84.9,66,57,46.3,33,57,29.9,9,12,5,0,25.6,25.5,25.4,0
8/2/2020,102,84.3,65,55,44,27,65,29.8,7,14,5.4,0,25.5,25.5,25.4,0
8/3/2020,100,83.7,64,57,38.9,24,45,24.4,7,14,6.5,0,25.5,25.5,25.4,0
8/4/2020,70,67.3,63,46,42.4,37,48,40.9,31,7,3.1,0,25.5,25.5,25.4,0
8/5/2020,95,81.5,62,52,43.4,35,56,29.5,12,12,6,0,25.5,25.4,25.3,0
8/6/2020,92,79.4,63,56,39.6,27,45,26.8,10,13,7.4,0,25.4,25.4,25.3,0
8/7/2020,92,77.8,59,50,30.4,16,44,21.9,6,13,5,0,25.5,25.4,25.4,0
8/8/2020,93,75.9,57,55,32.3,18,47,26,7,13,5.1,0,25.6,25.5,25.5,0
8/9/2020,94,76.7,57,53,31.8,14,40,23.2,5,14,6,0,25.6,25.5,25.5,0
8/10/2020,96,77.3,59,65,37.5,23,54,28.9,7,9,4.8,0,25.6,25.5,25.4,0
8/11/2020,95,78.9,60,62,36.9,23,56,27.5,8,18,7.3,3,25.5,25.4,25.4,0
8/12/2020,93,77.7,61,59,39.4,24,52,29.5,9,13,5.5,0,25.5,25.5,25.4,0
8/13/2020,97,78.3,56,54,34.9,20,50,25.9,6,10,4.9,0,25.6,25.5,25.4,0
8/14/2020,91,73.8,56,57,41.3,33,57,34.5,13,12,4.9,0,25.6,25.6,25.5,0
8/15/2020,93,75.7,55,49,42.8,35,62,34.5,15,15,5.3,0,25.7,25.6,25.6,0
8/16/2020,94,77.1,57,57,45.3,38,57,34.5,17,12,5.9,0,25.7,25.6,25.6,0
8/17/2020,97,79.1,59,62,48.1,37,64,37.3,13,12,4.5,0,25.7,25.6,25.6,0
8/18/2020,97,80.6,65,62,49.1,37,59,35.2,15,13,5.4,0,25.7,25.6,25.5,0
8/19/2020,96,79.9,65,65,52.5,44,59,40.8,18,9,5.5,0,25.6,25.5,25.4,0
8/20/2020,95,79.9,67,57,51.2,43,61,39,17,13,4.8,0,25.5,25.4,25.4,0
8/21/2020,92,77.9,63,65,51.9,45,67,42.4,22,10,4.7,0,25.5,25.4,25.4,0
8/22/2020,98,81.5,65,66,47.5,39,55,33.1,13,14,5.4,0,25.5,25.5,25.4,0
8/23/2020,95,81.6,71,61,49.5,38,53,34.2,15,16,7.5,0,25.6,25.5,25.4,0
8/24/2020,97,82.4,70,58,50.5,46,55,35.3,18,18,6.4,0,25.5,25.5,25.4,0
8/25/2020,96,80.5,69,63,56.5,48,68,45.8,19,15,7.5,3,25.5,25.5,25.4,0
8/26/2020,98,80.2,64,59,51.1,40,73,40.5,14,14,5.2,0,25.5,25.4,25.3,0
8/27/2020,94,81.6,67,57,47,37,47,31.4,14,18,9,0,25.4,25.4,25.3,0
8/28/2020,92,76.5,61,60,46.4,34,58,37.9,14,18,5.7,0,25.5,25.4,25.4,0
8/29/2020,92,78.4,65,52,44.8,38,50,32.5,16,16,7.3,0,25.5,25.4,25.4,0
8/30/2020,91,77.4,65,51,43.4,36,54,32.3,15,17,8.6,0,25.4,25.4,25.3,0
8/31/2020,78,65.8,54,41,36,28,59,35.4,21,32,10.8,0,25.5,25.4,25.3,0
,,,,,,,,,,,,,,,,
7/1/2020,87,70.7,51,48,36.3,24,69,33.6,10,14,6.6,0,25.4,25.4,25.3,0
7/2/2020,90,76.3,61,52,37.2,27,49,27.5,10,10,7,0,25.5,25.4,25.3,0
7/3/2020,93,78.2,59,49,43.3,37,51,31,18,28,8.5,0,25.6,25.5,25.5,0
7/4/2020,94,79.7,61,53,44.7,33,62,33.5,12,15,5.8,0,25.6,25.5,25.4,0
7/5/2020,93,76.8,58,61,45.4,33,67,36.9,12,13,5.9,0,25.6,25.5,25.4,0
7/6/2020,97,79.5,59,59,40.4,26,60,30.4,8,10,3.6,0,25.5,25.4,25.3,0
7/7/2020,92,79.6,63,52,39.7,25,47,26.2,10,21,9.4,0,25.4,25.4,25.3,0
7/8/2020,88,74,58,59,46.6,39,59,39.4,18,14,6.3,0,25.5,25.4,25.4,0
7/9/2020,95,77,58,43,33.3,17,58,26.5,6,9,4.9,0,25.4,25.4,25.4,0
7/10/2020,95,78.6,60,57,35.6,20,46,24.7,8,15,6.8,0,25.6,25.6,25.4,0
7/11/2020,100,80.8,61,59,42.4,31,52,29,10,14,6,0,25.6,25.6,25.5,0
7/12/2020,99,84,69,55,47.5,38,49,30.3,12,14,5.7,0,25.5,25.4,25.3,0
7/13/2020,92,79.8,68,56,49.9,38,55,36.7,20,16,8,0,25.4,25.4,25.3,0
7/14/2020,88,77.4,63,55,46.8,40,46,34.8,20,18,9.2,0,25.5,25.5,25.4,0
7/15/2020,90,76.9,64,58,47,37,50,36.1,15,15,6.4,0,25.6,25.5,25.4,0
7/16/2020,95,78.6,59,52,46,38,69,35.4,15,16,6.4,0,25.5,25.5,25.4,0
7/17/2020,97,84,68,49,43.6,33,49,26.6,11,15,7.6,0,25.6,25.5,25.4,0
7/18/2020,96,82.3,69,63,46,36,48,30.5,14,18,7.1,0,25.6,25.5,25.4,0
7/19/2020,92,78.9,64,55,49,44,66,37,20,17,5.5,0,25.5,25.5,25.4,0
7/20/2020,94,78,62,52,46.4,39,60,35.6,18,16,7,0,25.6,25.5,25.4,0
7/21/2020,95,78.6,61,61,45.2,36,56,33.3,13,10,4.8,0,25.5,25.4,25.4,0
7/22/2020,79,73.4,66,59,53.4,46,75,50.8,32,15,7.4,0,25.6,25.5,25.4,0
7/23/2020,86,72.9,59,59,51.7,46,81,50.4,28,28,8.8,0,25.5,25.5,25.4,0.04
7/24/2020,92,76.7,62,56,47.7,38,70,39.6,16,13,7,0,25.5,25.5,25.4,0
7/25/2020,92,79.8,66,58,47,38,56,34.1,15,14,6.5,0,25.5,25.5,25.4,0
7/26/2020,95,80,65,55,48.4,43,61,35.3,17,14,6.2,0,25.6,25.5,25.5,0
7/27/2020,97,78.2,65,57,50.7,42,70,40.9,17,26,7.6,0,25.6,25.5,25.4,0
7/28/2020,89,76.8,64,57,51.5,43,65,44.1,20,18,6.8,0,25.6,25.5,25.4,0
7/29/2020,91,76.9,63,60,50.2,42,61,41.4,20,13,6,0,25.6,25.5,25.5,0
7/30/2020,100,82.7,62,56,45.1,31,58,30.7,9,8,4.6,0,25.6,25.6,25.5,0
7/31/2020,102,85.7,63,55,42.9,30,57,27,8,10,4,0,25.6,25.5,25.4,0
,,,,,,,,,,,,,,,,
6/1/2020,88,76.2,61,47,40.1,27,48,29.3,11,17,9.4,3,25.5,25.5,25.4,0
6/2/2020,87,73.3,63,53,46.4,32,60,41.8,14,14,6.1,0,25.6,25.6,25.5,0
6/3/2020,88,75.5,62,50,44.3,35,62,36,16,10,5.3,0,25.6,25.5,25.4,0
6/4/2020,89,75,59,54,44,28,58,36.9,12,12,5.5,0,25.5,25.4,25.3,0
6/5/2020,96,78.8,57,52,43.9,34,70,34.4,14,38,9.3,0,25.4,25.3,25.2,0
6/6/2020,75,63.6,54,54,48,40,80,58.9,28,31,15.7,3,25.3,25.2,25.1,0.05
6/7/2020,51,48.1,45,45,41.2,35,93,77.3,61,23,10.9,5,25.4,25.3,25.3,0
6/8/2020,53,46.8,42,41,36,32,83,67.2,48,22,9.1,0,25.7,25.5,25.4,0.34
6/9/2020,67,54.3,40,43,35.8,27,89,55,28,10,5.9,0,25.7,25.7,25.7,0.04
6/10/2020,78,62.5,47,46,38.3,32,80,45.7,19,8,4.3,0,25.7,25.7,25.6,0
6/11/2020,89,71.8,51,48,39.6,29,74,37.6,12,17,5.5,0,25.7,25.6,25.5,0
6/12/2020,95,80,65,46,35.9,30,35,22.2,11,18,11.1,3,25.6,25.5,25.3,0
6/13/2020,83,73,60,47,36.3,19,47,28.9,10,20,10.5,3,25.4,25.3,25.3,0
6/14/2020,79,66,55,49,40.1,29,64,41.3,16,22,8.3,0,25.5,25.4,25.3,0
6/15/2020,87,71.5,56,46,38.1,27,62,34.5,12,13,5.9,0,25.5,25.4,25.3,0
6/16/2020,75,68.3,58,52,45,33,70,44.9,22,26,17.2,0,25.4,25.3,25.2,0
6/17/2020,66,56.3,46,47,38.1,30,89,55.1,29,32,12.1,0,25.6,25.5,25.4,0.05
6/18/2020,71,58.9,46,44,37.8,32,71,47.4,27,20,8.9,0,25.6,25.6,25.5,0
6/19/2020,76,62.8,48,45,41.6,34,77,49.5,22,13,6.1,0,25.6,25.5,25.5,0
6/20/2020,84,67.8,52,51,42.5,34,74,43.6,17,15,5.7,0,25.6,25.5,25.5,0
6/21/2020,89,74,56,51,43.6,35,64,37.5,15,18,8,0,25.5,25.4,25.4,0
6/22/2020,86,73.5,57,52,45.6,37,69,39.6,22,18,8.4,0,25.6,25.6,25.5,0
6/23/2020,88,72,55,55,45.6,40,72,42,18,13,5.8,0,25.6,25.5,25.4,0
6/24/2020,93,74.8,57,61,47.8,37,72,42.4,15,10,5.8,0,25.5,25.4,25.3,0
6/25/2020,85,75.4,66,56,50.3,45,53,41.7,31,22,10.3,0,25.5,25.4,25.4,0
6/26/2020,88,73.6,60,53,47.2,35,69,42.8,16,14,6,0,25.6,25.5,25.4,0
6/27/2020,94,77.9,56,59,44,33,69,35.2,12,22,4.8,0,25.4,25.4,25.2,0
6/28/2020,88,76.4,55,58,46.9,41,64,37.6,22,36,16.7,0,25.2,25.1,24.9,0
6/29/2020,63,52.5,46,43,39.2,31,87,64.1,30,31,10.4,0,25.4,25.4,25.2,0
6/30/2020,72,59.8,48,44,38.6,33,69,48.3,25,13,5.7,0,25.5,25.5,25.4,0
,,,,,,,,,,,,,,,,
5/1/2020,69,60,48,49,46.1,42,86,61.3,42,20,8.8,0,25.5,25.5,25.4,0.02
5/2/2020,72,61.2,53,50,43.2,34,77,54.3,26,13,5.2,0,25.5,25.5,25.4,0
5/3/2020,70,61.2,55,46,41.2,31,64,49.2,31,22,10.4,0,25.5,25.4,25.4,0.01
5/4/2020,64,55.3,43,36,29,17,71,39.7,20,30,10.3,0,25.7,25.6,25.5,0
5/5/2020,73,56.8,38,39,29.1,17,70,39.4,12,8,4.2,0,25.7,25.6,25.6,0
5/6/2020,79,64.3,45,39,31.6,20,60,33.1,12,36,13.6,0,25.6,25.5,25.5,0
5/7/2020,62,53.6,45,29,20.6,14,53,29.1,15,32,15,0,25.7,25.7,25.6,0
5/8/2020,70,54.9,35,41,27.2,14,72,39,13,15,6.2,0,25.7,25.6,25.5,0
5/9/2020,73,59.8,41,44,29.3,13,60,34.4,11,12,7,0,25.6,25.6,25.5,0
5/10/2020,81,65,48,46,33.7,24,57,34.3,12,8,4.4,0,25.5,25.4,25.3,0
5/11/2020,82,70,59,46,40.6,32,62,36.4,20,18,9.7,0,25.4,25.3,25.2,0
5/12/2020,77,68.8,53,43,29.5,19,46,24.2,15,20,10.2,0,25.3,25.2,25.1,0
5/13/2020,64,59.3,54,42,38.8,34,62,47,37,18,12.8,0,25.4,25.3,25.2,0
5/14/2020,68,58.7,48,42,38,35,69,47.5,33,18,10.1,0,25.4,25.4,25.4,0
5/15/2020,67,59.9,54,41,38,34,59,45.2,31,16,9,0,25.5,25.5,25.4,0
5/16/2020,69,58.5,43,45,36.3,28,76,46,24,12,5.3,0,25.6,25.5,25.4,0
5/17/2020,84,67.6,49,48,40.3,36,66,40.2,19,17,7.5,0,25.4,25.3,25.3,0
5/18/2020,84,70.8,57,47,38.2,30,55,32.1,16,22,10.5,3,25.4,25.3,25.2,0
5/19/2020,78,65.5,50,45,34.7,22,63,34,18,20,11.1,0,25.3,25.2,25.1,0
5/20/2020,60,53.1,45,39,30.4,23,61,42.9,28,23,8.4,0,25.4,25.4,25.3,0
5/21/2020,71,59.6,48,42,34.2,26,77,42.8,19,16,6,0,25.5,25.4,25.3,0
5/22/2020,72,59.6,44,43,34.6,27,85,43.3,19,40,15.2,0,25.4,25.3,25.2,0
5/23/2020,57,47.2,41,39,33.7,26,89,63.1,34,20,8.4,0,25.5,25.5,25.4,0.18
5/24/2020,65,52.4,36,37,33.1,30,82,51.5,27,18,8.5,0,25.6,25.5,25.5,0.01
5/25/2020,70,57.1,42,42,35.3,28,79,48,22,13,6.3,0,25.6,25.6,25.5,0
5/26/2020,78,63.5,47,48,40.5,35,74,46.3,22,8,4.2,0,25.6,25.5,25.5,0
5/27/2020,83,69.8,57,50,46.2,40,67,44.7,25,17,7.6,0,25.6,25.5,25.5,0
5/28/2020,86,71.3,55,58,48.5,39,80,48.2,20,9,5.5,0,25.6,25.6,25.5,0
5/29/2020,92,77.3,63,58,49.4,38,67,41.3,15,13,4.8,0,25.6,25.5,25.4,0
5/30/2020,94,82.1,73,51,45.8,38,43,29.5,14,18,12.2,0,25.5,25.4,25.3,0
5/31/2020,90,78.4,66,51,43.1,31,47,30.5,15,20,9.3,3,25.4,25.4,25.3,0
,,,,,,,,,,,,,,,,
4/1/2020,60,47.3,36,40,33.4,29,81,61.4,38,33,20.4,0,25.3,25.2,25.1,0
4/2/2020,43,37.4,31,29,15.3,0,82,44,18,32,11.7,0,25.5,25.4,25.3,0
4/3/2020,52,39,24,23,14,8,66,39.6,18,9,5,0,25.5,25.4,25.3,0
4/4/2020,64,47.8,30,29,22.6,17,75,40.7,19,12,4,0,25.3,25.3,25.2,0
4/5/2020,68,57.2,51,35,31.4,27,53,38.2,24,22,10.1,3,25.2,25.2,25.1,0
4/6/2020,62,54.3,46,36,32.1,28,66,44.3,28,18,10.2,5,25.4,25.3,25.2,0
4/7/2020,65,54.3,45,39,31.8,25,71,46.2,22,10,5.9,0,25.5,25.5,25.4,0
4/8/2020,69,53.2,37,41,34.5,24,79,52.7,19,20,8,0,25.6,25.5,25.4,0
4/9/2020,59,49.3,42,41,38.2,34,86,66.5,49,36,6.5,0,25.5,25.5,25.4,0
4/10/2020,63,48.4,35,40,35,28,93,64.2,28,13,5.6,0,25.5,25.4,25.4,0.01
4/11/2020,64,51.5,37,41,33.8,30,79,53.8,29,25,9,0,25.4,25.3,25.2,0
4/12/2020,50,44.8,40,35,19.9,4,65,39.4,18,24,16.1,6,25.4,25.4,25.3,0
4/13/2020,45,39.4,32,25,12.8,1,64,36,20,23,15.3,0,25.7,25.5,25.4,0
4/14/2020,51,39,25,21,10.9,3,61,34.3,18,10,5.3,0,25.7,25.6,25.6,0
4/15/2020,58,48.8,41,37,22.7,13,71,38.4,25,21,7,0,25.6,25.4,25.3,0
4/16/2020,49,41.3,36,37,29.9,15,87,67.3,31,18,10.3,0,25.6,25.4,25.4,0.02
4/17/2020,54,43.3,29,32,22.1,15,82,47.2,22,8,4.8,0,25.6,25.5,25.4,0.01
4/18/2020,58,48.5,38,42,34.6,29,76,59.4,41,17,5,0,25.4,25.4,25.3,0
4/19/2020,61,51.2,41,43,37,33,80,60.3,39,16,8.6,0,25.5,25.4,25.4,0
4/20/2020,64,51.3,38,40,34.5,25,86,56.7,23,10,4.4,0,25.5,25.5,25.4,0
4/21/2020,68,56,40,40,34.6,29,73,47.3,26,21,8.2,0,25.5,25.5,25.4,0
4/22/2020,66,55.3,41,41,33.1,27,70,46.4,24,16,6.5,0,25.6,25.6,25.5,0
4/23/2020,59,54.4,47,45,39.1,31,82,57.4,43,23,8.7,0,25.6,25.5,25.4,0
4/24/2020,62,53.5,41,33,30.3,27,62,42.7,27,22,8.5,3,25.7,25.6,25.6,0.02
4/25/2020,71,56.1,40,41,33.3,30,73,45.8,23,8,3.5,0,25.7,25.6,25.5,0
4/26/2020,76,64.1,54,44,38.1,31,59,40.9,20,16,8.5,3,25.5,25.5,25.5,0
4/27/2020,77,63.1,47,44,38,34,68,41.9,23,26,10.5,0,25.5,25.5,25.4,0
4/28/2020,72,62.8,53,40,36.8,32,57,39.8,24,21,11.6,3,25.7,25.6,25.6,0
4/29/2020,80,63,46,52,38,30,73,43.8,18,10,3.6,0,25.7,25.6,25.5,0
4/30/2020,81,65.9,56,52,45.3,37,72,49.5,22,26,9.4,0,25.5,25.4,25.3,0
,,,,,,,,,,,,,,,,
3/1/2020,48,34.9,32,32,29.6,23,96,83.3,37,22,14.6,0,25.4,25.4,25.2,0
3/2/2020,41,33.6,26,28,22.9,17,81,66.3,40,14,8.1,0,25.6,25.5,25.5,0.06
3/3/2020,45,34.3,25,28,22.4,19,85,63.8,41,9,4.4,0,25.6,25.6,25.6,0
3/4/2020,55,38.8,26,33,27,22,88,65.8,34,8,4,0,25.7,25.6,25.6,0
3/5/2020,64,45.8,29,36,27.9,20,85,53.8,18,9,3.8,0,25.8,25.7,25.6,0
3/6/2020,68,52.2,35,31,25.1,18,76,39.6,15,18,7.8,0,25.6,25.5,25.4,0
3/7/2020,64,54,42,35,29.7,24,53,40.2,27,18,11.2,0,25.4,25.3,25.2,0
3/8/2020,52,44.8,38,39,37.2,32,93,75.9,47,22,8.4,0,25.4,25.4,25.3,0
3/9/2020,56,45.4,36,36,32.3,25,97,64.4,33,14,5.3,0,25.6,25.5,25.4,0.21
3/10/2020,55,45.1,35,36,32.2,29,89,63.3,37,10,4,0,25.7,25.6,25.6,0
3/11/2020,59,47,37,41,34.6,28,82,63.5,41,14,4.8,0,25.6,25.5,25.4,0
3/12/2020,59,46,32,39,30.3,18,97,60.8,21,17,6.3,0,25.5,25.4,25.4,0
3/13/2020,42,38,33,38,31.4,23,100,78.7,47,12,6,0,25.4,25.2,25.2,0
3/14/2020,56,48.4,41,37,35,33,79,60.9,45,21,10,3,25.4,25.4,25.3,0.22
3/15/2020,60,51.9,43,36,31.8,27,68,47.7,29,17,9.2,0,25.5,25.4,25.4,0
3/16/2020,59,49,38,35,29.3,21,79,50.5,23,16,6.4,0,25.5,25.4,25.3,0
3/17/2020,63,51.3,37,37,28.7,21,68,44.3,21,18,7.6,0,25.3,25.3,25.2,0
3/18/2020,49,43.7,39,36,32,25,89,65.1,41,15,7.6,0,25.3,25.3,25.2,0.07
3/19/2020,48,41,38,37,35.8,33,89,81.5,58,16,8.4,0,25.5,25.3,25.2,0.03
3/20/2020,49,40.4,36,37,33.8,28,93,79,46,18,7.5,0,25.6,25.6,25.5,0.08
3/21/2020,51,40.6,30,38,30.5,25,96,71,38,10,3.9,0,25.6,25.6,25.5,0.03
3/22/2020,55,44.8,34,34,29.6,24,85,58.3,32,8,5,0,25.6,25.5,25.5,0
3/23/2020,54,46.6,39,37,32.5,27,73,58.8,40,22,7.1,0,25.5,25.4,25.4,0
3/24/2020,59,50,44,39,34.2,29,76,56.4,38,25,13.4,3,25.5,25.4,25.3,0
3/25/2020,50,39.3,33,37,34.5,31,97,84,52,24,12.2,3,25.4,25.3,25.2,0.03
3/26/2020,42,35.8,32,34,29.9,21,93,80.8,47,23,12.6,0,25.3,25.3,25.2,0.29
3/27/2020,43,36,29,25,20.4,11,85,56.1,33,21,8,0,25.4,25.3,25.3,0
3/28/2020,45,38.5,32,31,28.2,21,85,67.6,51,10,5.5,0,25.6,25.5,25.4,0
3/29/2020,50,43.1,33,37,30.4,26,82,61.9,46,16,5.3,0,25.5,25.5,25.4,0
3/30/2020,54,47,41,37,33.5,27,82,61.3,38,13,6,0,25.6,25.5,25.4,0.01
3/31/2020,64,55.8,45,36,32.4,29,59,42.5,28,16,6.8,0,25.6,25.4,25.3,0
,,,,,,,,,,,,,,,,
2/1/2020,47,35,25,32,27.5,22,92,75.5,52,9,3.6,0,25.9,25.8,25.6,0
2/2/2020,59,41.3,26,31,26,19,92,59.8,21,18,6,0,25.6,25.2,24.9,0
2/3/2020,30,24.9,21,27,19.9,16,93,81.2,69,32,23.5,12,25.4,25.2,25,0
2/4/2020,27,20.6,15,18,11.3,7,86,67.9,51,20,8.3,0,25.6,25.5,25.4,0
2/5/2020,25,21.6,16,20,14.7,9,88,75.5,58,7,3.5,0,25.6,25.6,25.5,0
2/6/2020,36,29.6,23,32,26.6,21,96,89.5,78,6,1.4,0,25.5,25.4,25.4,0.05
2/7/2020,44,36.9,29,34,32.1,27,96,83.7,60,6,4.1,0,25.5,25.5,25.4,0.18
2/8/2020,52,35.4,25,31,25.5,19,96,70,43,28,9.5,0,25.5,25.4,25.2,0
2/9/2020,40,32.4,27,25,22.5,18,82,67.8,46,17,9.6,0,25.6,25.5,25.4,0
2/10/2020,35,27.5,19,24,19,14,85,71,52,16,6.7,0,25.7,25.6,25.6,0
2/11/2020,35,27,18,23,18,13,92,71.3,40,9,4.5,0,25.7,25.6,25.5,0
2/12/2020,38,31.3,26,26,21.1,17,85,67.1,52,7,3.8,0,25.6,25.5,25.5,0
2/13/2020,45,31.6,20,30,23.3,18,92,73.9,43,6,3.3,0,25.6,25.6,25.5,0
2/14/2020,55,38.4,24,28,22.2,18,88,56.4,23,25,8.8,3,25.5,25.5,25.4,0
2/15/2020,40,35.3,29,31,26.2,23,85,70.6,51,16,4.5,0,25.6,25.6,25.5,0
2/16/2020,41,37.4,34,37,34.4,30,100,88.3,73,12,5.1,0,25.5,25.5,25.4,0
2/17/2020,39,34.1,29,34,23.1,9,96,67.3,34,22,12,0,25.6,25.6,25.5,0.13
2/18/2020,36,28.4,21,21,18,12,86,66.9,39,14,6,0,25.7,25.6,25.6,0
2/19/2020,37,28.2,22,20,15.4,9,82,60.8,33,16,7.6,0,25.8,25.7,25.6,0
2/20/2020,37,27.4,17,22,11.5,5,78,53,34,9,4.7,0,25.9,25.8,25.8,0
2/21/2020,46,32.3,20,28,19.3,14,82,62.1,29,12,4.6,0,25.8,25.7,25.6,0
2/22/2020,46,35.7,25,30,25.6,22,92,68.8,40,16,4.9,0,25.6,25.5,25.4,0
2/23/2020,51,40.4,32,28,24.4,17,76,55.6,27,9,4.4,0,25.6,25.5,25.4,0
2/24/2020,40,35,32,25,15.9,9,64,46.7,33,37,15.4,5,25.7,25.6,25.5,0
2/25/2020,39,31.2,23,21,17.1,14,78,57.5,38,17,8.3,0,25.9,25.8,25.7,0
2/26/2020,43,31.2,20,22,16,11,82,57.2,28,9,4.8,0,25.9,25.8,25.8,0
2/27/2020,51,35.6,22,27,20.1,14,78,57.2,25,8,4.4,0,25.8,25.8,25.8,0
2/28/2020,54,39,27,28,22.2,18,85,54.5,27,8,3.6,0,25.8,25.7,25.6,0
2/29/2020,60,47.4,34,29,23.4,19,64,41.1,21,14,8,0,25.5,25.4,25.2,0
,,,,,,,,,,,,,,,,
1/1/2020,38,31,27,31,27.3,21,96,86.5,74,16,3.9,0,25.6,25.4,25.2,0
1/2/2020,36,31.8,30,30,27.6,25,93,85.1,64,10,3.5,0,25.6,25.4,25.3,0.26
1/3/2020,39,31.7,27,30,26,23,92,80.2,57,6,1.8,0,25.8,25.7,25.6,0
1/4/2020,42,33.1,21,30,25.1,18,92,73.7,58,18,5.4,0,25.8,25.7,25.6,0
1/5/2020,36,28.8,22,29,23.6,19,92,81.6,61,14,3.6,0,25.8,25.7,25.7,0
1/6/2020,40,29.3,20,28,22.8,18,92,78,51,6,2.5,0,25.9,25.9,25.8,0
1/7/2020,40,30.9,24,25,21.3,18,88,69,45,16,4.6,0,25.8,25.7,25.4,0
1/8/2020,39,33.1,27,36,27.2,17,100,81.6,43,22,6.8,0,25.4,25.3,25.3,0
1/9/2020,35,29.4,28,31,27.3,23,100,90.9,66,15,3.1,0,25.4,25.4,25.3,0.09
1/10/2020,34,27.1,23,27,17.8,13,93,68.9,50,23,9.7,3,25.7,25.6,25.4,0
1/11/2020,38,30.2,23,30,21.9,12,93,72.4,53,15,6.4,0,25.6,25.4,25.3,0
1/12/2020,37,29.6,24,32,26.9,22,100,89.3,75,14,3.4,0,25.4,25.4,25.3,0
1/13/2020,41,33.5,26,27,21.8,17,88,64.6,43,9,4.3,0,25.5,25.4,25.3,0
1/14/2020,43,35.1,24,28,22.9,19,88,62,46,24,10.9,0,25.5,25.4,25.3,0
1/15/2020,34,26.2,17,25,18.5,13,92,74.7,46,12,3.3,0,25.6,25.6,25.5,0
1/16/2020,51,37.8,22,26,20.2,18,89,54.3,31,23,12.8,0,25.5,25.4,25.2,0
1/17/2020,44,33.4,24,32,25.3,18,100,74.8,37,23,11.9,0,25.8,25.5,25.2,0
1/18/2020,35,28.2,22,23,19.2,16,88,69.8,46,7,3.4,0,25.9,25.8,25.8,0.02
1/19/2020,35,26.8,19,22,18.5,14,91,71.6,48,8,3.4,0,25.9,25.9,25.8,0
1/20/2020,38,31.2,23,27,24.4,20,92,77.1,57,10,3.3,0,25.8,25.6,25.5,0
1/21/2020,42,35.7,30,37,31.8,25,100,87,53,21,4.5,0,25.5,25.5,25.4,0
1/22/2020,38,35.3,32,37,33.2,29,100,92,70,15,3.4,0,25.7,25,0,0.07
1/23/2020,42,35.4,29,35,32.3,27,100,88.6,76,5,1.3,0,25.7,25.7,25.6,0.08
1/24/2020,37,32,27,36,30.3,26,100,93.1,87,8,2.5,0,25.6,25.6,25.5,0
1/25/2020,37,33.7,31,36,32.3,30,100,94.8,87,6,2.9,0,25.7,25.6,25.6,0.12
1/26/2020,42,34.1,30,36,31.9,28,100,91.9,67,14,3.5,0,25.6,25.6,25.4,0
1/27/2020,42,35.4,28,35,31.5,25,100,87.2,57,10,3.7,0,25.7,25.6,25.5,0
1/28/2020,44,35.7,27,32,27.7,25,96,74.8,49,10,3.9,0,25.7,25.6,25.5,0.01
1/29/2020,41,35.3,33,36,30.9,28,96,84.8,65,16,8.1,0,25.6,25.6,25.5,0
1/30/2020,37,33.7,30,32,29.5,28,93,85.1,75,8,2.8,0,25.8,25.7,25.6,0.06
1/31/2020,38,31.1,23,31,25.7,20,93,81,62,8,3.4,0,25.9,25.8,25.8,0
,,,,,,,,,,,,,,,,
12/1/2019,36,28.5,19,24,19.8,15,92,71.8,44,12,3.8,0,25.7,25.6,25.6,0.03
12/2/2019,41,34.7,29,31,26.5,22,89,72.6,57,12,6,0,25.7,25.6,25.6,0
12/3/2019,43,33.6,30,32,29.3,27,100,85,58,7,2.6,0,25.7,25.7,25.6,0
12/4/2019,43,34.2,29,36,31,27,100,88.9,62,12,3.2,0,25.6,25.5,25.3,0
12/5/2019,41,38,36,37,36.3,35,100,93.1,86,9,3.8,0,25.7,25.5,25.4,0.12
12/6/2019,48,39.4,36,36,34.6,30,100,84.6,56,22,4.6,0,25.7,25.7,25.6,0
12/7/2019,54,44,34,37,32.6,27,80,65.3,49,17,7,0,25.6,25.5,25.4,0
12/8/2019,46,39.2,36,39,35.7,34,97,87.4,68,29,9.1,0,25.4,25.4,25.3,0
12/9/2019,42,36.7,29,36,31.3,26,100,81.6,65,12,5.7,0,25.7,25.6,25.4,0.36
12/10/2019,40,30.7,23,32,26.1,21,96,83.9,60,5,2.6,0,25.8,25.7,25.7,0
12/11/2019,40,31.4,25,30,25.9,22,96,81.3,60,10,4.3,0,25.6,25.6,25.6,0
12/12/2019,47,37.8,29,36,32.3,27,97,81.8,52,8,3.8,0,25.6,25.6,25.6,0
12/13/2019,43,38.8,36,37,34.2,29,97,84.3,60,14,4.6,0,25.6,25.5,25.3,0.02
12/14/2019,41,35.6,24,36,31.6,22,97,85.5,61,23,8.4,0,25.4,25.3,25.2,0.03
12/15/2019,33,27.1,22,25,21.5,19,93,80.3,64,18,8.1,0,25.6,25.4,25.3,0.03
12/16/2019,32,27,21,23,19.6,14,88,74.4,56,20,10.3,0,25.9,25.7,25.6,0
12/17/2019,29,21.8,15,17,14,9,82,72.6,57,12,4.1,0,25.9,25.9,25.8,0
12/18/2019,33,25.8,17,24,18.8,13,84,75.1,59,10,3.8,0,25.8,25.6,25.5,0
12/19/2019,37,28.7,19,31,20.6,17,92,73.4,46,7,2.4,0,25.7,25.6,25.5,0
12/20/2019,39,29.2,22,25,20.7,16,92,71.6,50,9,3.5,0,25.8,25.8,25.8,0
12/21/2019,44,35.5,24,27,22.6,18,92,62.7,38,17,5.8,0,25.8,25.7,25.6,0
12/22/2019,53,45,36,19,16.5,14,48,32.6,23,26,14.4,0,25.6,25.5,25.4,0
12/23/2019,48,44,39,32,22.7,16,76,44.9,29,21,10.8,0,25.4,25.4,25.3,0
12/24/2019,50,41.7,35,36,31,25,93,68.2,39,18,8.4,0,25.3,25.2,25.2,0
12/25/2019,38,32.3,0,37,30.4,0,100,89.7,0,8,2.7,0,25.4,25.3,25.2,0.18
12/26/2019,39,31.8,25,34,28,23,93,86.2,57,16,4.5,0,25.5,25.4,25.4,0.12
12/27/2019,34,28.4,23,25,22.6,20,91,78.8,61,23,11,0,25.4,25.4,25.3,0
12/28/2019,31,25,19,18,16.6,13,85,70.9,54,23,13.5,0,25.6,25.5,25.4,0
12/29/2019,27,22.9,17,23,15.7,11,88,74.6,61,7,3.3,0,25.6,25.6,25.6,0
12/30/2019,34,28.4,25,27,24.3,22,93,84.3,70,9,2.5,0,25.7,25.6,25.6,0
12/31/2019,33,27.9,24,23,21,17,86,75.7,56,12,5.8,0,25.7,25.7,25.6,0
,,,,,,,,,,,,,,,,
11/1/2019,43,30.8,19,25,15.3,12,77,55.5,30,9,3.7,0,25.9,25.8,25.7,0
11/2/2019,47,31.6,19,23,17.7,12,78,59,28,7,2.7,0,25.9,25.8,25.7,0
11/3/2019,49,34.4,23,29,19.5,14,81,57,27,7,2.6,0,25.7,25.6,25.5,0
11/4/2019,54,38.4,25,31,21.8,15,75,54.7,24,10,3.3,0,25.7,25.6,25.6,0
11/5/2019,53,38.9,28,33,26.5,24,85,64.2,35,7,1.9,0,25.7,25.7,25.6,0
11/6/2019,54,39.2,27,32,26.6,23,85,63.5,33,7,2.6,0,25.7,25.6,25.6,0
11/7/2019,55,39.4,26,30,25.5,18,85,61,29,6,2.3,0,25.8,25.7,25.7,0
11/8/2019,57,40.5,27,30,25.4,22,85,58.9,26,6,2.4,0,25.8,25.8,25.7,0
11/9/2019,56,40.1,29,31,24.7,20,82,57.5,28,8,2.4,0,25.8,25.7,25.6,0
11/10/2019,53,38.9,28,29,24.5,19,82,59.6,29,6,3,0,25.6,25.6,25.5,0
11/11/2019,52,39.4,28,32,26.8,23,85,63.1,37,15,5.7,0,25.8,25.7,25.6,0
11/12/2019,51,36.7,25,31,25.1,21,89,66.1,36,7,3.2,0,25.8,25.7,25.6,0
11/13/2019,55,41.8,31,35,26.5,20,82,57,28,9,4,0,25.6,25.6,25.5,0
11/14/2019,52,40.9,29,35,29.8,25,89,66.5,43,7,3.3,0,25.7,25.6,25.6,0
11/15/2019,66,46.9,35,36,31.1,23,85,59.1,20,7,2.9,0,25.6,25.6,25.5,0
11/16/2019,56,42.2,30,33,28.8,26,86,61.9,37,17,6.3,0,25.7,25.7,25.6,0
11/17/2019,51,38.1,28,30,26.8,22,85,65.7,38,7,2.6,0,25.8,25.7,25.7,0
11/18/2019,51,38.7,29,34,26.8,22,82,64.8,39,6,2.8,0,25.7,25.6,25.4,0
11/19/2019,67,47.8,30,35,26.8,21,88,50.9,19,15,4.8,0,25.4,25.2,25.1,0
11/20/2019,49,45.2,42,43,39.7,29,96,82,48,10,5.4,0,25.2,25.1,25.1,0
11/21/2019,47,40.2,35,39,34.1,28,93,79.5,60,21,6.5,0,25.5,25.4,25.2,0.2
11/22/2019,41,36.5,27,37,31.6,25,93,82.7,73,6,2.7,0,25.7,25.6,25.5,0.17
11/23/2019,43,34.5,27,34,29.2,25,96,82,53,6,2.3,0,25.8,25.8,25.7,0
11/24/2019,43,32.9,24,35,27.4,22,96,81.3,58,8,3.7,0,25.7,25.6,25.4,0
11/25/2019,38,32.5,30,34,27.4,22,93,82,69,32,17.2,0,25.4,25.2,25.1,0
11/26/2019,35,28.9,24,24,19.5,14,81,68.9,50,30,12.1,3,25.4,25.3,25.2,0
11/27/2019,43,37.2,30,30,18.8,11,85,50.8,31,30,17.1,6,25.2,25.1,25,0
11/28/2019,36,33.2,30,32,30.3,28,96,89.5,82,12,5.1,0,25.3,25.2,25,0
11/29/2019,39,33.9,30,35,31.1,28,96,90.3,86,22,6.9,0,25.2,25,24.9,0.16
11/30/2019,34,29.1,21,28,25,19,93,84.5,56,12,5.8,0,25.7,25.4,25.2,0.23
,,,,,,,,,,,,,,,,
10/1/2019,60,47.7,35,37,33.1,26,89,60.1,27,23,5.6,0,25.4,25.4,25.4,0
10/2/2019,59,48.5,39,37,33.5,27,86,59.3,31,15,5.6,0,25.6,25.6,25.4,0
10/3/2019,71,52,34,43,32.7,27,82,52.1,22,10,4,0,25.6,25.5,25.4,0
10/4/2019,67,55.8,47,36,29.5,26,56,37.8,25,24,13.2,0,25.7,25.5,25.4,0
10/5/2019,62,49,36,36,28.7,18,79,49.2,18,16,7.2,0,25.8,25.7,25.6,0
10/6/2019,59,48.3,35,37,29.2,20,78,50.5,25,12,5.9,0,25.9,25.8,25.7,0
10/7/2019,66,48.1,32,39,29.9,23,82,52.6,21,10,4.6,0,25.7,25.6,25.5,0
10/8/2019,78,56,36,36,27.9,22,73,39,14,8,3.4,0,25.5,25.4,25.3,0
10/9/2019,62,49.4,37,37,24.4,10,57,39,23,31,18.4,0,25.5,25.3,25.2,0
10/10/2019,42,35.8,30,25,17.4,11,73,49.5,29,23,14.7,0,25.8,25.7,25.6,0
10/11/2019,47,34,22,20,15.5,8,81,50.3,21,7,3.5,0,25.9,25.8,25.6,0
10/12/2019,55,39.3,24,31,18.1,11,69,46.5,20,10,4.3,0,25.6,25.6,25.5,0
10/13/2019,62,44,26,34,21.4,13,69,43.4,22,8,3,0,25.5,25.5,25.4,0
10/14/2019,70,50.8,33,35,18.3,8,53,31.5,9,13,4.4,0,25.6,25.5,25.4,0
10/15/2019,66,47.8,32,33,22.8,15,66,41.8,14,10,3.3,0,25.7,25.6,25.6,0
10/16/2019,76,53.8,34,36,24,15,62,35.7,10,8,4.1,0,25.7,25.6,25.4,0
10/17/2019,71,58.8,43,41,29.4,17,82,36,17,37,14.9,5,25.4,25.2,25.1,0
10/18/2019,44,21.9,0,39,19.6,0,96,44.8,0,13,5.1,0,25.5,25.4,25.4,0
10/19/2019,54,45,36,0,0,0,90,71,52,26,9.4,0,25.4,25.4,25.3,0
10/20/2019,48,43.5,39,0,0,0,59,50.5,42,12,4.9,0,25.6,25.5,25.4,0.09
10/21/2019,55,49,43,0,0,0,52,45.5,39,20,6.7,0,25.8,25.6,25.6,0
10/22/2019,63,54,45,0,0,0,57,45.5,34,9,3.3,0,25.8,25.7,25.6,0
10/23/2019,57,48,39,0,0,0,54,43,32,21,7.9,0,25.7,25.6,25.6,0
10/24/2019,52,43,34,0,0,0,70,48,26,14,5,0,25.9,25.8,25.7,0
10/25/2019,54,25.5,0,31,13,0,73,23.6,0,8,2.7,0,25.9,25.8,25.6,0
10/26/2019,63,46,33,35,28.3,21,79,53.2,29,30,11.7,0,25.6,25.4,25.2,0
10/27/2019,41,34.4,31,31,26.8,21,93,75.3,47,21,15.3,7,25.5,25.4,25.3,0
10/28/2019,38,31.8,25,25,14.5,10,70,50.5,33,17,7.2,3,25.6,25.5,25.4,0
10/29/2019,34,28.1,20,25,15.9,2,73,60.6,44,25,15.1,0,25.7,25.4,25.3,0
10/30/2019,30,21,12,13,7.4,3,74,56.7,38,15,4.4,0,25.9,25.8,25.7,0
10/31/2019,38,26.5,15,21,13,7,78,58.7,36,8,4.2,0,25.9,25.8,25.7,0
,,,,,,,,,,,,,,,,
9/1/2019,97,77.4,63,51,41.1,25,58,33.5,8,9,4.6,0,25.6,25.5,25.5,0
9/2/2019,96,77.7,56,55,40.8,32,57,30.4,11,14,5.8,0,25.6,25.5,25.5,0
9/3/2019,89,77.8,69,59,50,45,61,39.3,22,17,6.9,0,25.6,25.6,25.5,0
9/4/2019,95,77.8,62,57,50,46,65,40,19,13,6,0,25.6,25.6,25.5,0
9/5/2019,91,77.2,66,59,52.3,48,61,43.8,23,21,6.5,0,25.6,25.6,25.6,0
9/6/2019,84,73.3,64,64,57.9,52,78,59.9,33,17,7.3,0,25.7,25.6,25.6,0
9/7/2019,86,73,58,58,53.9,48,87,54.3,28,10,4.7,0,25.6,25.5,25.4,0
9/8/2019,81,70.9,64,57,50.3,43,70,49.5,26,24,10.5,0,25.4,25.3,25.3,0
9/9/2019,80,65.7,52,50,43.7,34,86,50.3,20,9,3.4,0,25.5,25.4,25.3,0
9/10/2019,82,67.2,57,54,46.5,36,77,49.7,22,18,7.6,0,25.4,25.3,25.3,0
9/11/2019,64,55.9,48,52,46.9,43,90,73,52,20,8.7,0,25.7,25.5,25.3,0
9/12/2019,69,56.4,44,48,43.1,38,93,65.3,33,8,4.4,0,25.8,25.7,25.7,0.17
9/13/2019,78,60.8,47,52,43.8,33,90,58.1,19,8,3.8,0,25.7,25.7,25.6,0
9/14/2019,88,66.6,49,47,41.8,30,80,46,12,15,3.9,0,25.7,25.6,25.5,0
9/15/2019,90,71.7,51,51,39.6,29,71,36.4,12,13,5.8,0,25.5,25.5,25.4,0
9/16/2019,85,74.7,68,48,44.3,37,45,34.2,22,23,12.5,0,25.4,25.4,25.3,0
9/17/2019,74,63,53,52,42.6,39,77,48.7,31,21,10.1,0,25.5,25.4,25.3,0
9/18/2019,81,62.5,47,42,36.9,27,74,44.7,14,14,5.3,0,25.5,25.4,25.3,0
9/19/2019,79,64.4,50,47,37.5,25,55,39.6,14,25,11.4,0,25.3,25.3,25.2,0
9/20/2019,57,51.3,42,45,41,37,92,69,47,15,7.5,0,25.6,25.4,25.3,0
9/21/2019,63,51.2,41,42,38.4,33,93,65.1,34,10,4.6,0,25.6,25.6,25.6,0.13
9/22/2019,73,55,40,54,39.9,31,89,61.7,21,7,3.2,0,25.6,25.6,25.5,0
9/23/2019,79,63.6,51,48,37.6,25,74,44.2,14,15,5.3,0,25.6,25.5,25.5,0
9/24/2019,73,59.1,45,50,40.9,37,76,53.3,30,10,4.5,0,25.7,25.6,25.6,0
9/25/2019,76,61.4,48,53,45.5,41,83,58.6,32,13,5.9,0,25.6,25.5,25.5,0
9/26/2019,82,63,47,53,44.3,39,86,56,23,9,3.4,0,25.5,25.4,25.3,0
9/27/2019,75,65.4,55,51,46.4,40,72,51.3,34,17,9.5,0,25.4,25.3,25.2,0
9/28/2019,75,60.6,52,52,48.5,44,88,66.5,38,21,10.7,0,25.2,25.1,25,0
9/29/2019,55,49.9,43,48,42.8,35,93,77.8,55,20,9.2,0,25.3,25.2,25.1,0.1
9/30/2019,62,48.3,37,39,33.4,17,86,62,18,22,8.1,3,25.4,25.4,25.3,0.02
,,,,,,,,,,,,,,,,
8/1/2019,88,74,60,62,57,49,93,60.4,26,10,3.9,0,25.6,25.6,25.5,0
8/2/2019,95,79.6,64,63,53.2,41,75,45.6,15,7,5.1,3,25.6,25.6,25.5,0
8/3/2019,92,76.4,67,61,55.5,50,68,49.9,25,33,9.4,0,25.6,25.6,25.5,0
8/4/2019,96,80.4,63,62,53.1,46,72,42.5,18,14,5.6,0,25.6,25.5,25.5,0.01
8/5/2019,96,83,68,61,50.9,41,56,35.5,15,9,4.6,0,25.6,25.5,25.5,0
8/6/2019,99,84.9,69,57,49.7,42,54,32.1,14,15,6.4,0,25.5,25.5,25.4,0
8/7/2019,83,76.2,68,59,53.8,50,68,46.5,33,20,8.9,0,25.6,25.5,25.5,0
8/8/2019,80,69.1,61,59,56.3,54,86,65,43,36,10.7,0,25.6,25.5,25.4,0
8/9/2019,88,72,55,58,52.7,44,93,56.4,22,14,6,0,25.6,25.5,25.4,0.01
8/10/2019,91,78.2,64,56,49,42,60,38.7,19,17,8.3,0,25.5,25.4,25.4,0
8/11/2019,89,76.5,62,55,44.6,31,63,36.6,12,17,8.4,0,25.5,25.5,25.4,0
8/12/2019,84,70.5,54,54,47,42,64,44.7,29,14,6.5,0,25.6,25.6,25.5,0
8/13/2019,93,74.5,54,55,44.5,33,75,40.3,12,12,4.7,0,25.6,25.6,25.5,0
8/14/2019,94,76.2,57,60,44.7,34,62,36.9,12,14,5.8,0,25.6,25.6,25.5,0
8/15/2019,93,77,60,55,46.4,38,60,37.2,17,13,5,0,25.6,25.5,25.4,0
8/16/2019,89,74.9,61,62,49.2,43,61,42.6,20,12,5.6,0,25.5,25.4,25.4,0
8/17/2019,89,74.4,63,59,50.5,42,68,45.5,19,13,5.6,0,25.4,25.4,25.3,0
8/18/2019,95,76.5,57,50,41.3,27,70,35.2,9,10,4,0,25.5,25.4,25.4,0
8/19/2019,93,77.2,59,49,38.3,28,50,28.6,10,16,5.9,0,25.5,25.5,25.4,0
8/20/2019,94,76.7,57,51,36.7,27,55,28.6,9,8,4.3,0,25.6,25.5,25.4,0
8/21/2019,95,76.2,57,60,41.3,26,60,34.3,9,8,3.6,0,25.5,25.4,25.4,0
8/22/2019,92,76.7,56,56,42.4,28,59,33.1,11,20,8.3,0,25.4,25.3,25.3,0
8/23/2019,84,72.5,58,56,48.3,41,67,44.2,24,15,7.2,0,25.5,25.4,25.4,0
8/24/2019,93,75.8,59,60,46.8,39,67,41,15,10,5.1,0,25.5,25.5,25.4,0
8/25/2019,92,77.8,59,56,47.1,43,64,37.1,18,16,6.9,0,25.5,25.5,25.4,0
8/26/2019,82,73.3,57,52,39.7,28,59,30.9,19,21,10,0,25.6,25.6,25.5,0
8/27/2019,83,67.1,49,51,38.2,29,66,38.4,14,9,4.7,0,25.6,25.6,25.5,0
8/28/2019,95,73.3,52,53,39,28,59,32.5,10,13,4.7,0,25.6,25.5,25.4,0
8/29/2019,93,78.5,62,61,49.4,43,63,38.4,19,31,8.4,0,25.6,25.5,25.5,0
8/30/2019,95,79.6,63,59,52.1,44,75,42.2,19,10,4.8,0,25.6,25.5,25.4,0.01
8/31/2019,95,77.2,62,66,51.1,40,67,43.8,15,13,4.6,0,25.6,25.5,25.5,0
,,,,,,,,,,,,,,,,
7/1/2019,91,72.5,52,55,48.6,36,89,50.1,15,7,4.4,0,25.6,25.5,25.4,0
7/2/2019,93,77.8,60,51,42.6,33,60,31.6,12,12,6.4,0,25.4,25.4,25.3,0
7/3/2019,91,77.9,63,51,38.9,28,63,27.8,11,18,6.8,0,25.4,25.3,25.3,0
7/4/2019,84,70.4,59,55,50.1,44,78,50.5,25,36,13.3,3,25.5,25.4,25.4,0
7/5/2019,84,69,54,61,48.3,38,80,51.2,19,16,6.3,0,25.6,25.6,25.5,0
7/6/2019,92,77.2,63,53,43.9,28,60,35.6,11,9,3.2,0,25.6,25.5,25.4,0
7/7/2019,91,78.4,60,48,42.1,33,55,30.4,14,18,10.4,3,25.5,25.4,25.3,0
7/8/2019,89,74.6,62,51,43.3,31,52,35.4,12,26,10.6,0,25.5,25.4,25.4,0
7/9/2019,88,73.5,56,57,45.3,34,72,41.1,15,13,5.7,0,25.6,25.5,25.4,0
7/10/2019,95,77.8,58,54,44.7,33,70,36.4,11,12,4.6,0,25.6,25.6,25.5,0
7/11/2019,98,79.8,59,51,44.4,38,67,31.3,13,26,7.5,0,25.6,25.6,25.5,0
7/12/2019,98,80,63,55,46.9,36,60,35,12,14,6.6,0,25.6,25.5,25.4,0
7/13/2019,91,77.3,69,57,50.8,45,57,40.8,23,32,9.1,0,25.6,25.5,25.5,0
7/14/2019,96,79.9,60,56,50.2,41,78,40.7,15,9,4.7,0,25.6,25.5,25.4,0
7/15/2019,96,83,69,52,46.1,31,53,30.2,11,10,6,0,25.5,25.5,25.4,0
7/16/2019,96,78.6,60,57,42.9,28,60,32.1,9,12,4.2,0,25.4,25.4,25.3,0
7/17/2019,93,79.5,61,57,46,30,65,35.5,12,12,5.3,0,25.5,25.4,25.4,0
7/18/2019,95,82.1,65,46,38.6,31,45,23.5,11,14,6.3,0,25.5,25.4,25.3,0
7/19/2019,97,82.9,66,56,41.3,32,43,25.6,10,12,6.9,3,25.4,25.4,25.3,0
7/20/2019,94,79.3,62,59,44.6,30,60,33.4,10,10,3.9,0,25.5,25.4,25.4,0
7/21/2019,96,80.3,62,69,45,35,63,34,12,8,4.6,0,25.5,25.5,25.4,0
7/22/2019,100,81.7,63,59,46.7,33,65,35,10,9,3.7,0,25.6,25.5,25.5,0
7/23/2019,99,84.8,69,62,48.6,41,53,30.6,14,15,6.3,0,25.6,25.6,25.5,0
7/24/2019,90,80.8,71,65,55.8,51,57,43,27,12,5.7,3,25.6,25.6,25.5,0
7/25/2019,90,79.7,67,59,55.7,52,70,45.1,29,13,5.8,0,25.6,25.6,25.6,0
7/26/2019,84,73.2,66,63,59.3,55,87,63.2,40,41,10.7,0,25.7,25.6,25.6,0
7/27/2019,83,72.7,64,62,59.2,54,90,65.4,38,12,5.2,0,25.7,25.6,25.6,0.17
7/28/2019,90,76.1,62,60,53.2,45,75,49.3,21,8,4.1,0,25.7,25.6,25.5,0.01
7/29/2019,98,81.3,62,57,48.3,39,62,35.3,13,14,5.3,0,25.5,25.5,25.4,0
7/30/2019,98,82.9,64,50,44,28,56,29.4,9,13,6.2,0,25.5,25.4,25.4,0
7/31/2019,86,72,64,64,56.7,48,90,62.1,30,22,7.9,0,25.7,25.6,25.5,0
,,,,,,,,,,,,,,,,
6/1/2019,74,64,54,50,48,45,80,57.8,38,16,8.6,0,25.5,25.4,25.4,0.01
6/2/2019,72,62.3,51,53,47.5,42,83,60,35,18,7.9,0,25.5,25.4,25.4,0
6/3/2019,74,63.2,50,54,47.6,43,86,59.2,35,10,5.7,0,25.5,25.5,25.4,0
6/4/2019,79,65.4,50,51,47.1,43,86,54.5,29,12,5.5,0,25.5,25.5,25.4,0
6/5/2019,82,68.4,54,53,48.9,46,83,52.4,28,12,5.3,0,25.6,25.5,25.4,0
6/6/2019,84,68.8,57,57,51.9,47,75,56.2,27,35,9.7,0,25.5,25.4,25.3,0
6/7/2019,84,71.1,51,53,44.8,38,66,42.3,21,37,17.2,3,25.5,25.3,25.2,0
6/8/2019,61,53.6,47,38,29.6,19,68,42.7,22,33,14.7,0,25.8,25.6,25.5,0
6/9/2019,69,57.1,41,39,28.3,17,65,36.3,15,15,8,0,25.9,25.8,25.8,0
6/10/2019,78,62,44,50,39,28,76,47,19,15,5.9,0,25.8,25.7,25.6,0
6/11/2019,80,66.3,48,48,42.5,36,83,46.7,21,14,5.7,0,25.7,25.7,25.6,0
6/12/2019,83,67.8,53,53,45.7,34,75,48.4,17,7,4.3,0,25.7,25.6,25.5,0
6/13/2019,82,69.4,57,55,50.5,42,75,53.4,25,23,9.3,0,25.5,25.4,25.4,0
6/14/2019,79,66.7,55,55,49.9,44,80,57.3,30,10,5,0,25.4,25.4,25.4,0.01
6/15/2019,82,68.5,54,55,48.4,43,80,52,25,14,4.5,0,25.5,25.4,25.4,0
6/16/2019,80,68.1,55,54,49.4,45,78,53,32,16,5.3,0,25.4,25.4,25.4,0
6/17/2019,78,68.2,59,53,50.2,44,75,54.2,34,20,7.6,0,25.6,25.5,25.4,0
6/18/2019,81,69.3,59,54,47.1,39,81,49.4,23,12,5.8,0,25.6,25.5,25.4,0
6/19/2019,86,72.5,54,53,44.8,37,75,41.4,18,20,5.7,0,25.5,25.4,25.3,0
6/20/2019,84,68.8,53,48,39.8,35,60,35.9,22,32,12.9,0,25.4,25.3,25.1,0
6/21/2019,66,58.1,49,34,28.5,23,50,33.5,24,20,10.8,6,25.4,25.4,25.4,0
6/22/2019,67,58.8,48,36,31.7,24,56,37.4,20,21,9.7,0,25.6,25.5,25.5,0
6/23/2019,76,61.2,44,51,35.3,28,74,43.3,17,12,4.9,0,25.6,25.5,25.4,0
6/24/2019,84,67.7,51,53,39.7,28,68,40.4,13,12,5,0,25.5,25.4,25.3,0
6/25/2019,90,74.3,57,49,39.3,30,67,32.4,12,13,5.4,0,25.4,25.4,25.3,0
6/26/2019,89,73.9,54,49,38.9,26,62,31.2,13,13,6.8,0,25.4,25.4,25.4,0
6/27/2019,91,75.4,60,51,38.4,28,52,29.3,11,17,8.8,0,25.5,25.4,25.4,0
6/28/2019,95,76.4,56,48,36.3,23,53,27.3,7,15,6.7,0,25.5,25.5,25.4,0
6/29/2019,91,75.7,59,53,40.1,27,46,30.6,11,16,6.4,0,25.6,25.5,25.5,0
6/30/2019,81,72.4,60,56,52.1,48,83,50.5,33,20,6.4,0,25.6,25.6,25.5,0
,,,,,,,,,,,,,,,,
5/1/2019,51,41.2,36,34,29.3,19,93,66.8,31,12,5.6,0,25.6,25.5,25.4,0
5/2/2019,61,47.9,33,35,29.5,24,76,52.3,25,8,4.6,0,25.6,25.5,25.4,0
5/3/2019,66,52.4,37,38,32,27,73,49,25,10,4.8,0,25.5,25.5,25.4,0
5/4/2019,73,59,40,42,35.5,30,74,45,23,16,7.5,0,25.5,25.4,25.3,0
5/5/2019,74,58.9,44,46,38.6,28,73,51,21,23,8,0,25.4,25.3,25.3,0
5/6/2019,71,57.4,44,46,39.8,36,89,54.5,28,31,10.6,0,25.4,25.3,25.3,0
5/7/2019,61,51.3,44,46,42.3,37,87,72.2,44,29,8,0,25.4,25.4,25.3,0
5/8/2019,61,49.8,45,46,41.6,36,93,75.5,44,20,6.9,0,25.4,25.4,25.4,0.53
5/9/2019,58,50.5,42,38,35.8,32,80,58.6,42,14,5,0,25.4,25.4,25.3,0.09
5/10/2019,63,53.6,41,39,34.5,31,76,50.1,34,15,8,0,25.4,25.4,25.4,0
5/11/2019,69,55.4,40,44,36.5,32,79,52.1,31,13,5.8,0,25.5,25.5,25.4,0
5/12/2019,75,59.7,44,50,39,30,86,51.2,20,9,4.4,0,25.5,25.4,25.4,0
5/13/2019,81,64.7,47,47,38.5,31,68,42.8,17,9,5.4,0,25.5,25.4,25.4,0
5/14/2019,82,67.6,53,51,41.4,31,70,41.8,16,12,5.9,0,25.5,25.4,25.4,0
5/15/2019,79,67.7,58,48,43.3,39,58,42.8,26,17,10.3,5,25.4,25.4,25.3,0
5/16/2019,74,62.5,45,49,43.3,35,89,53.8,26,30,10.4,0,25.3,25.2,25.1,0
5/17/2019,51,46,42,41,38.1,34,89,74.6,52,20,8.5,0,25.4,25.3,25.2,0.31
5/18/2019,55,47.5,41,41,38.7,37,89,72.8,51,16,6.9,0,25.4,25.4,25.3,0.22
5/19/2019,60,51.1,45,43,38.6,35,82,64,39,25,11.4,0,25.3,25.2,25.1,0.01
5/20/2019,58,49.4,37,41,35.8,29,93,62.4,36,14,6.3,0,25.3,25.2,25.2,0
5/21/2019,56,46.1,42,40,39,36,92,77.2,47,29,9.8,0,25.2,25.1,25.1,0
5/22/2019,54,47.2,42,43,40.4,38,93,78.2,61,14,5.5,0,25.3,25.2,25.1,0.32
5/23/2019,51,46.8,43,43,39.3,35,93,76,59,25,9.5,0,25.4,25.3,25.2,0.17
5/24/2019,59,49.6,45,46,42.7,39,93,77.9,48,14,8,0,25.5,25.4,25.4,0.34
5/25/2019,68,55.2,41,47,41.7,38,93,63.3,33,25,8.2,0,25.4,25.4,25.3,0.25
5/26/2019,72,58.8,43,46,38.4,29,93,52.8,22,26,6.6,0,25.3,25.3,25.2,0.1
5/27/2019,60,53.1,46,45,41.6,32,89,66.9,36,21,7.2,0,25.3,25.3,25.2,0.21
5/28/2019,58,52.8,48,46,44.2,43,83,73,58,12,5.6,0,25.4,25.4,25.3,0.01
5/29/2019,69,56.5,44,47,42.4,38,90,62.5,34,12,4.7,0,25.5,25.4,25.4,0
5/30/2019,72,59.1,45,51,44.5,39,86,61.8,32,24,5.7,0,25.5,25.5,25.4,0
5/31/2019,75,61,48,50,46,41,93,62.2,29,17,5.3,0,25.6,25.5,25.4,0.01
,,,,,,,,,,,,,,,,
4/1/2019,57,46.2,32,37,28.3,24,75,52.5,30,7,3.8,0,25.6,25.5,25.4,0
4/2/2019,55,48.8,46,43,38,33,86,67.3,51,17,5.8,0,25.4,25.4,25.3,0
4/3/2019,54,47.9,43,43,41.3,38,89,78.3,62,13,5.2,0,25.5,25.4,25.3,0.07
4/4/2019,65,52.7,39,43,37.4,33,93,60.3,31,8,4.4,0,25.5,25.5,25.4,0.08
4/5/2019,65,54.4,46,43,36.6,32,77,53.5,30,14,7.3,0,25.4,25.4,25.3,0
4/6/2019,54,48.5,41,43,39.8,37,86,72.6,55,17,6.3,0,25.6,25.5,25.4,0.01
4/7/2019,66,51.8,36,40,35.4,32,86,57.1,29,6,2.7,0,25.7,25.6,25.6,0.05
4/8/2019,72,56.2,41,46,37.3,32,76,52.4,28,7,2.5,0,25.7,25.6,25.5,0
4/9/2019,65,48.7,40,45,38.1,35,89,69.1,34,36,16.9,0,25.4,25.3,25.2,0
4/10/2019,43,38.8,36,36,34.4,32,93,83.7,67,35,19.8,5,25.4,25.3,25.2,0.22
4/11/2019,47,40.9,37,35,32.2,26,83,72.1,46,24,13.8,3,25.4,25.4,25.3,0.06
4/12/2019,46,39.3,33,36,32.6,29,93,77.7,53,18,4.6,0,25.4,25.3,25.3,0
4/13/2019,53,41.8,33,34,30.7,28,89,68,40,8,3.4,0,25.5,25.5,25.4,0
4/14/2019,62,49.8,37,42,34.1,30,76,57,35,10,5.8,0,25.4,25.3,25.2,0
4/15/2019,56,50.6,47,46,43.4,34,90,77.5,44,12,5,0,25.3,25.3,25.2,0
4/16/2019,56,46.1,43,44,40.4,34,93,81.7,44,17,8.3,0,25.5,25.4,25.2,0.09
4/17/2019,57,46.1,34,40,35.8,32,97,70.7,40,22,7.1,0,25.7,25.6,25.5,0.18
4/18/2019,63,51.4,36,44,38.1,32,86,62.8,39,10,4,0,25.8,25.7,25.7,0
4/19/2019,75,56,41,47,38.2,30,79,55.4,20,8,3.4,0,25.7,25.6,25.4,0
4/20/2019,73,61.4,50,47,38.4,34,74,44.4,25,24,9,0,25.4,25.3,25.2,0
4/21/2019,61,54.1,49,49,45.4,42,93,73.2,56,22,6.3,0,25.4,25.3,25.3,0
4/22/2019,63,53,42,47,42.9,39,89,69.9,51,21,8.7,0,25.6,25.5,25.5,0.13
4/23/2019,66,53.9,41,45,40.7,37,89,63.4,40,16,6.8,0,25.6,25.6,25.5,0
4/24/2019,70,56,43,49,42.5,37,86,63.6,37,36,5.7,0,25.6,25.5,25.5,0
4/25/2019,70,58.3,45,53,46.9,42,93,67.9,47,13,4.3,0,25.6,25.6,25.5,0.01
4/26/2019,75,60.8,49,56,45.8,40,80,59,36,22,9.3,0,25.6,25.4,25.4,0
4/27/2019,71,58.1,41,42,36.9,33,82,48.1,26,9,4.5,0,25.5,25.4,25.3,0.1
4/28/2019,58,52,46,45,32.6,21,74,49.6,31,25,14.9,0,25.4,25.3,25.3,0
4/29/2019,57,49.4,42,47,34.7,23,83,58,40,17,5.8,0,25.4,25.3,25.2,0
4/30/2019,55,45.3,38,43,36.8,27,93,73.9,46,23,12.2,3,25.4,25.3,25.2,0.01
,,,,,,,,,,,,,,,,
3/1/2019,49,41.2,36,36,29.6,25,86,65,44,22,8.9,0,25.5,25.4,25.4,0
3/2/2019,37,30.8,0,34,28.8,0,100,82,0,17,7.9,0,25.4,20.7,0,0.14
3/3/2019,38,32.8,0,32,29.5,0,96,85.2,0,14,6.5,0,25.5,9.8,0,0
3/4/2019,42,35.1,30,27,24.4,21,82,66.4,45,15,6.2,0,25.6,18.7,0,0.08
3/5/2019,51,40.3,31,36,29.2,22,79,65.4,46,20,6.6,0,25.6,25.5,25.4,0
3/6/2019,48,44.5,41,40,37.3,35,93,76.7,61,23,9.3,0,25.3,25.3,25.2,0.01
3/7/2019,49,43.9,39,40,37.5,34,96,78.9,63,15,6.7,0,25.4,25.3,25.3,0.41
3/8/2019,42,35,32,37,32.3,27,97,90.1,70,22,9.1,0,25.3,25.1,25.1,0.12
3/9/2019,42,34.7,30,31,27.8,24,93,77.1,51,20,4.5,0,25.4,25.4,25.3,0.44
3/10/2019,47,39.3,34,34,29.6,26,86,69.8,48,15,5.7,0,25.5,25.4,25.3,0
3/11/2019,49,39.8,32,34,30.6,26,89,71.5,43,16,8.5,0,25.6,25.5,25.5,0
3/12/2019,54,42.5,33,37,32.6,27,89,69.4,47,18,5,0,25.5,25.2,25,0
3/13/2019,37,33.1,30,36,28.6,24,93,83.4,67,36,24.6,12,25.5,25.2,25,0.01
3/14/2019,40,33.7,28,29,25.1,21,88,71.8,51,21,11.1,0,25.8,25.7,25.5,0
3/15/2019,43,34.4,23,29,23.3,18,82,65.5,43,12,5.9,0,25.8,25.8,25.7,0
3/16/2019,50,37.7,27,33,25.2,21,82,62.5,38,8,5.2,0,25.8,25.7,25.7,0
3/17/2019,54,41.3,28,34,26.2,20,85,58.2,26,10,4.3,0,25.7,25.7,25.6,0
3/18/2019,55,43.3,31,36,27.5,23,73,55.3,30,13,6,0,25.6,25.6,25.6,0
3/19/2019,55,43.7,31,30,25.6,17,85,52.7,28,10,4.7,0,25.7,25.6,25.6,0
3/20/2019,61,51.4,40,20,14.5,5,37,24.4,12,24,14.8,0,25.6,25.6,25.5,0
3/21/2019,54,48.3,41,38,31.2,16,87,55.8,22,35,13.5,0,25.5,25.4,25.3,0
3/22/2019,47,42.5,38,40,36.4,33,96,80,59,9,4.1,0,25.5,25.5,25.4,0.09
3/23/2019,54,43.7,39,41,38.6,31,100,84.5,43,16,3.6,0,25.6,25.5,25.4,0.07
3/24/2019,48,43.6,37,39,37.1,35,93,78.4,66,20,10,0,25.7,25.6,25.4,0.01
3/25/2019,58,44,29,34,29.2,24,96,61.7,27,16,5.5,0,25.8,25.7,25.6,0.05
3/26/2019,66,54,39,33,28.4,26,62,39.5,23,20,6.8,0,25.6,25.5,25.4,0
3/27/2019,64,53.5,41,34,28,19,63,40.7,18,14,7,0,25.4,25.4,25.4,0
3/28/2019,58,48.6,37,38,32.6,20,93,57.8,27,29,14.4,0,25.6,25.5,25.4,0
3/29/2019,47,39.3,34,36,33.3,28,97,80.3,50,18,7.7,0,25.7,25.6,25.5,0.22
3/30/2019,51,41.4,35,34,31.1,25,93,69.7,39,15,6.4,0,25.7,25.7,25.6,0.08
3/31/2019,52,43.2,31,29,24.4,18,79,49.9,28,9,4.7,0,25.7,25.6,25.6,0
,,,,,,,,,,,,,,,,
2/1/2019,48,35.7,22,27,23.1,19,89,62.8,34,14,4.3,0,25.5,25.5,25.4,0
2/2/2019,52,43.8,37,35,27.9,23,74,54.1,45,25,12.8,5,25.4,25.3,25.1,0
2/3/2019,46,42.4,39,37,33.2,28,87,71,55,38,14.9,0,25.2,25.1,25,0.1
2/4/2019,48,43.1,37,34,29.2,24,87,58.9,42,16,11.3,5,25.2,25.1,25.1,0.03
2/5/2019,39,33.7,30,34,29.3,25,93,85,60,25,9.4,0,25.1,25.1,25.1,0.03
2/6/2019,30,26.8,21,28,22.9,17,96,85.4,72,26,12.8,0,25.5,25.2,25.1,0.12
2/7/2019,31,21.7,14,18,13.3,4,93,71.7,38,15,4.8,0,25.7,25.6,25.5,0.01
2/8/2019,34,24.2,11,18,12.1,4,81,61.2,44,12,4,0,25.7,25.5,25.4,0.02
2/9/2019,40,33.2,25,27,18.4,14,75,55.4,39,18,10.5,5,25.4,25.3,25.3,0
2/10/2019,44,32.2,25,27,21.4,16,93,67,35,35,19.6,5,25.3,25.2,25.1,0
2/11/2019,30,24.8,20,19,13.9,11,81,64.1,45,22,8.2,0,25.6,25.5,25.3,0
2/12/2019,40,28.8,19,24,16.3,8,74,60.3,41,16,6,0,25.6,25.6,25.4,0
2/13/2019,44,37,33,35,28.3,15,93,74.2,32,23,10,3,25.4,25.3,25.3,0
2/14/2019,46,42.5,39,40,35.7,33,89,77.1,68,20,8.4,0,25.3,25.2,25,0.16
2/15/2019,53,39.6,30,36,30.8,27,93,73.5,38,29,13.7,0,25.3,25.2,25.1,0.25
2/16/2019,35,30.6,27,27,22.9,15,93,74.1,46,14,6.5,0,25.3,25.3,25.3,0
2/17/2019,34,28.3,23,28,22.7,16,93,80,52,14,7.6,0,25.3,25.3,25.3,0
2/18/2019,34,26.4,16,25,18.7,12,88,73.7,56,21,10.2,0,25.4,25.4,25.3,0
2/19/2019,26,22.2,19,18,14.4,10,86,72.4,58,15,7.1,0,25.4,25.4,25.4,0
2/20/2019,30,24.5,19,23,15.5,11,86,69,53,12,7.4,5,25.3,25.2,25.1,0
2/21/2019,33,26.9,21,20,16.3,13,81,65.3,50,22,10.8,0,25.2,25.1,25.1,0
2/22/2019,29,24.8,21,21,18.3,15,92,77.2,64,15,8.5,0,25.5,25.3,25.2,0
2/23/2019,35,25.4,16,17,13.8,10,84,63.6,38,7,3.9,0,25.6,25.6,25.5,0
2/24/2019,46,32.5,20,23,15.4,11,71,51.8,30,12,5.7,0,25.6,25.6,25.4,0
2/25/2019,52,42.5,34,26,23.5,19,70,48.3,32,16,9.4,3,25.5,25.4,25.4,0
2/26/2019,55,45.3,38,29,25.3,23,60,46.7,30,17,10.7,5,25.5,25.4,25.4,0
2/27/2019,51,42.8,37,37,29.1,23,83,59.7,40,17,8.9,0,25.5,25.4,25.4,0
2/28/2019,56,44.1,35,37,32.5,29,89,65.3,44,16,8.2,0,25.4,25.4,25.4,0
,,,,,,,,,,,,,,,,
1/1/2019,23,12.4,3,7,1.1,-5,80,61.6,46,13,5.6,0,25.7,25.6,25.5,0
1/2/2019,21,10.9,2,9,2.5,-5,80,69.5,50,9,4.4,0,25.8,25.8,25.7,0
1/3/2019,25,14.8,6,13,7.3,1,88,73.2,57,7,2.7,0,25.8,25.8,25.7,0
1/4/2019,33,18.4,9,19,12.1,5,88,77.2,56,7,2.7,0,25.7,25.6,25.5,0
1/5/2019,38,25.2,12,31,19.6,8,92,80.2,67,20,3.7,0,25.5,25.4,25.3,0
1/6/2019,37,33.3,29,35,31.1,28,100,92.2,87,14,5.8,0,25.4,25.3,25.3,0.1
1/7/2019,39,33.7,28,32,30.3,26,96,87.8,76,18,8.6,0,25.7,25.5,25.3,0.16
1/8/2019,39,29.9,23,34,27.4,21,100,90.7,76,7,2,0,25.8,25.8,25.6,0.02
1/9/2019,47,35.6,28,31,28.4,26,92,76.6,50,8,2.9,0,25.7,25.6,25.6,0
1/10/2019,43,34.9,29,32,29,25,92,80.1,56,15,4.9,0,25.6,25.6,25.6,0
1/11/2019,40,33.3,25,34,30.4,24,96,89.8,77,15,4.3,0,25.7,25.6,25.6,0
1/12/2019,31,26.6,21,29,24.5,19,100,91.5,80,7,2.2,0,25.7,25.7,25.6,0
1/13/2019,33,25.7,19,24,20.8,16,93,82,64,10,5.1,0,25.7,25.7,25.7,0
1/14/2019,32,24,18,22,19.2,15,93,82.4,66,8,3.5,0,25.8,25.7,25.6,0
1/15/2019,37,30.8,22,31,27.3,19,96,87.2,73,6,2.4,0,25.6,25.5,25.4,0
1/16/2019,45,36.2,32,38,32.4,30,100,87,68,8,2.7,0,25.6,25.5,25.4,0.17
1/17/2019,43,36.8,32,38,33.1,30,100,87.2,62,23,9.3,0,25.6,25.4,25.3,0.08
1/18/2019,39,33.6,28,34,30.4,25,96,88.3,70,10,4.2,0,25.8,25.6,25.4,0.88
1/19/2019,40,32.6,24,30,25.8,22,92,76.6,60,8,4.5,0,25.8,25.8,25.7,0
1/20/2019,46,37.1,29,31,29,25,92,73.7,56,17,6.9,0,25.7,25.5,25.2,0
1/21/2019,40,33.6,29,32,28.2,22,93,82.2,55,35,21.6,0,25.5,25.1,25,0
1/22/2019,30,24.9,19,21,16.8,14,81,71.8,61,22,7.8,0,25.8,25.7,25.5,0.4
1/23/2019,30,24.4,15,25,18.5,11,92,78.4,61,9,3.2,0,25.8,25.7,25.6,0
1/24/2019,36,30.4,25,31,26.3,23,93,85,72,7,1.9,0,25.8,25.7,25.7,0.01
1/25/2019,37,30.4,22,31,25.3,20,96,82.1,64,8,1.5,0,25.8,25.7,25.7,0
1/26/2019,37,29,20,25,22.5,17,92,77.6,57,6,2.5,0,25.9,25.8,25.8,0
1/27/2019,36,29,24,26,23.4,21,89,80.2,67,7,2.6,0,25.8,25.7,25.6,0
1/28/2019,40,29.5,21,31,23.8,19,96,80.6,60,13,4.1,0,25.7,25.6,25.6,0
1/29/2019,37,29.8,25,25,21.4,20,85,71.6,52,7,3.1,0,25.6,25.6,25.5,0
1/30/2019,38,28,19,24,18.8,12,85,69.8,46,7,4.1,0,25.6,25.5,25.5,0
1/31/2019,41,30.3,22,24,19.4,15,85,66.1,40,6,2.6,0,25.6,25.5,25.5,0